{
    "offset": [
        8199176.0,
        8797785.5,
        8765071.5,
        9693806.5,
        8978328.5,
        8388608.0
    ],
    "facteurEchelle": [
        -1.3711666666666666,
        11.878666666666666,
        1.5718333333333334,
        15.395666666666667,
        9.219166666666666,
        1
    ],
    "known_weight": null
}